testingType, system, assimilationMethod, observationInterval, stateError, timeError, RMSE, 
True,L63+time,EAKF,0.5,0.01,0.0,0.736457676808126,
True,L63+time,EAKF,0.5,0.01,0.0,0.6596624418980986,
True,L63+time,EAKF,0.5,0.01,0.0,0.7619008372294358,
True,L63+time,EAKF,0.5,0.01,0.001,0.5267200193032223,
True,L63+time,EAKF,0.5,0.01,0.001,0.8722051011743079,
True,L63+time,EAKF,0.5,0.01,0.001,0.5838140990234583,
True,L63+time,EAKF,0.5,0.01,0.002,0.8294088613773138,
True,L63+time,EAKF,0.5,0.01,0.002,0.6190820238703972,
True,L63+time,EAKF,0.5,0.01,0.002,0.6252471583799724,
True,L63+time,EAKF,0.5,0.01,0.003,0.584189285821112,
True,L63+time,EAKF,0.5,0.01,0.003,0.7841061871114469,
True,L63+time,EAKF,0.5,0.01,0.003,0.8580026315256792,
True,L63+time,EAKF,0.5,0.01,0.004,0.6673891889554568,
True,L63+time,EAKF,0.5,0.01,0.004,0.9093706994154471,
True,L63+time,EAKF,0.5,0.01,0.004,0.6621775518548539,
True,L63+time,EAKF,0.5,0.01,0.005,0.6763580728099586,
True,L63+time,EAKF,0.5,0.01,0.005,0.8628197200337047,
True,L63+time,EAKF,0.5,0.01,0.005,0.8092911628698379,
True,L63+time,EAKF,0.5,0.01,0.006,0.7803683686680783,
True,L63+time,EAKF,0.5,0.01,0.006,0.8300663004533353,
True,L63+time,EAKF,0.5,0.01,0.006,0.8623491333049239,
True,L63+time,EAKF,0.5,0.01,0.007,0.8878750287898077,
True,L63+time,EAKF,0.5,0.01,0.007,0.8006696426829556,
True,L63+time,EAKF,0.5,0.01,0.007,0.9376894611091794,
True,L63+time,EAKF,0.5,0.01,0.008,0.9880055207596247,
True,L63+time,EAKF,0.5,0.01,0.008,1.0700726860678158,
True,L63+time,EAKF,0.5,0.01,0.008,1.0274270140069166,
True,L63+time,EAKF,0.5,0.01,0.009000000000000001,1.062794937862883,
True,L63+time,EAKF,0.5,0.01,0.009000000000000001,0.8261946557630747,
True,L63+time,EAKF,0.5,0.01,0.009000000000000001,1.0100084737004174,
True,L63+time,EAKF,0.5,0.01,0.01,0.7893326393072342,
True,L63+time,EAKF,0.5,0.01,0.01,1.3659843305783286,
True,L63+time,EAKF,0.5,0.01,0.01,1.0744255980075987,
True,L63+time,EAKF,0.5,0.01,0.011,1.3663951570539878,
True,L63+time,EAKF,0.5,0.01,0.011,1.354971325626707,
True,L63+time,EAKF,0.5,0.01,0.011,1.118320692401266,
True,L63+time,EAKF,0.5,0.01,0.012,1.1643004168021398,
True,L63+time,EAKF,0.5,0.01,0.012,1.0594873169474317,
True,L63+time,EAKF,0.5,0.01,0.012,1.1473777289373788,
True,L63+time,EAKF,0.5,0.01,0.013000000000000001,1.231318715399017,
True,L63+time,EAKF,0.5,0.01,0.013000000000000001,1.501172986639075,
True,L63+time,EAKF,0.5,0.01,0.013000000000000001,1.3426283310850238,
True,L63+time,EAKF,0.5,0.01,0.014,1.2653397265603763,
True,L63+time,EAKF,0.5,0.01,0.014,1.4149373353857473,
True,L63+time,EAKF,0.5,0.01,0.014,1.4847057801568213,
True,L63+time,EAKF,0.5,0.01,0.015,1.3756916295422483,
True,L63+time,EAKF,0.5,0.01,0.015,1.5371027392527778,
True,L63+time,EAKF,0.5,0.01,0.015,1.561147564019793,
True,L63+time,EAKF,0.5,0.01,0.016,1.8350023285946186,
True,L63+time,EAKF,0.5,0.01,0.016,1.4309533222703092,
True,L63+time,EAKF,0.5,0.01,0.016,1.3585865177544352,
True,L63+time,EAKF,0.5,0.01,0.017,2.3152508842637034,
True,L63+time,EAKF,0.5,0.01,0.017,1.777320102735499,
True,L63+time,EAKF,0.5,0.01,0.017,1.832074379628041,
True,L63+time,EAKF,0.5,0.01,0.018000000000000002,1.7168841122321328,
True,L63+time,EAKF,0.5,0.01,0.018000000000000002,1.7888244721426108,
True,L63+time,EAKF,0.5,0.01,0.018000000000000002,2.2846990365041053,
True,L63+time,EAKF,0.5,0.01,0.019,1.9955480562390593,
True,L63+time,EAKF,0.5,0.01,0.019,1.9545794683229287,
True,L63+time,EAKF,0.5,0.01,0.019,1.7445272601163992,
True,L63+time,EAKF,0.5,0.01,0.02,1.6274303960233818,
True,L63+time,EAKF,0.5,0.01,0.02,2.022448991350005,
True,L63+time,EAKF,0.5,0.01,0.02,1.8167497814308702,
True,L63+time,EAKF,0.5,0.01,0.021,3.2084110871631406,
True,L63+time,EAKF,0.5,0.01,0.021,1.6232154178170013,
True,L63+time,EAKF,0.5,0.01,0.021,1.8836473512846097,
True,L63+time,EAKF,0.5,0.01,0.022,2.270754324764086,
True,L63+time,EAKF,0.5,0.01,0.022,2.1140519503228625,
True,L63+time,EAKF,0.5,0.01,0.022,1.9693022244621474,
True,L63+time,EAKF,0.5,0.01,0.023,2.1949149947376076,
True,L63+time,EAKF,0.5,0.01,0.023,2.5464118051878977,
True,L63+time,EAKF,0.5,0.01,0.023,2.097479091665893,
True,L63+time,EAKF,0.5,0.01,0.024,2.0613909497299683,
True,L63+time,EAKF,0.5,0.01,0.024,2.274421025522231,
True,L63+time,EAKF,0.5,0.01,0.024,2.251633832569505,
True,L63+time,EAKF,0.5,0.01,0.025,4.1248935577703865,
True,L63+time,EAKF,0.5,0.01,0.025,2.401116203869152,
True,L63+time,EAKF,0.5,0.01,0.025,2.7547903065853183,
True,L63+time,EAKF,0.5,0.01,0.026000000000000002,2.3911973156622377,
True,L63+time,EAKF,0.5,0.01,0.026000000000000002,2.382504989249765,
True,L63+time,EAKF,0.5,0.01,0.026000000000000002,2.140889822057171,
True,L63+time,EAKF,0.5,0.01,0.027,2.534459638049579,
True,L63+time,EAKF,0.5,0.01,0.027,2.4477637887299424,
True,L63+time,EAKF,0.5,0.01,0.027,2.368613697372576,
True,L63+time,EAKF,0.5,0.01,0.028,2.406781818614761,
True,L63+time,EAKF,0.5,0.01,0.028,2.109804971448768,
True,L63+time,EAKF,0.5,0.01,0.028,2.310123433215272,
True,L63+time,EAKF,0.5,0.01,0.029,2.7322971605849244,
True,L63+time,EAKF,0.5,0.01,0.029,2.492143159054208,
True,L63+time,EAKF,0.5,0.01,0.029,2.8860716267819986,
True,L63+time,EAKF,0.5,0.01,0.03,2.6734766478243057,
True,L63+time,EAKF,0.5,0.01,0.03,2.949633588156695,
True,L63+time,EAKF,0.5,0.01,0.03,3.042595541453731,
True,L63+time,EAKF,0.5,0.01,0.031,2.4636344369785714,
True,L63+time,EAKF,0.5,0.01,0.031,2.7337964174829583,
True,L63+time,EAKF,0.5,0.01,0.031,2.430034088997267,
True,L63+time,EAKF,0.5,0.01,0.032,2.8985191078965036,
True,L63+time,EAKF,0.5,0.01,0.032,2.7976111248572133,
True,L63+time,EAKF,0.5,0.01,0.032,3.5678806320596257,
True,L63+time,EAKF,0.5,0.01,0.033,3.6401743336583285,
True,L63+time,EAKF,0.5,0.01,0.033,2.998035996000206,
True,L63+time,EAKF,0.5,0.01,0.033,2.73980679160904,
True,L63+time,EAKF,0.5,0.01,0.034,3.442204714023711,
True,L63+time,EAKF,0.5,0.01,0.034,2.837277050571851,
True,L63+time,EAKF,0.5,0.01,0.034,3.4363328740237504,
True,L63+time,EAKF,0.5,0.01,0.035,2.8864902893760225,
True,L63+time,EAKF,0.5,0.01,0.035,3.342482522723909,
True,L63+time,EAKF,0.5,0.01,0.035,3.170729241939846,
True,L63+time,EAKF,0.5,0.01,0.036000000000000004,4.014521228391094,
True,L63+time,EAKF,0.5,0.01,0.036000000000000004,3.951692248657022,
True,L63+time,EAKF,0.5,0.01,0.036000000000000004,3.609894236155635,
True,L63+time,EAKF,0.5,0.01,0.037,3.4737336784076294,
True,L63+time,EAKF,0.5,0.01,0.037,2.9550986037948537,
True,L63+time,EAKF,0.5,0.01,0.037,3.190824816946376,
True,L63+time,EAKF,0.5,0.01,0.038,3.502156922548013,
True,L63+time,EAKF,0.5,0.01,0.038,3.5124132396958547,
True,L63+time,EAKF,0.5,0.01,0.038,3.16658765915135,
True,L63+time,EAKF,0.5,0.01,0.039,4.312186418931492,
True,L63+time,EAKF,0.5,0.01,0.039,4.0872971975473575,
True,L63+time,EAKF,0.5,0.01,0.039,3.5034633628105545,
True,L63+time,EAKF,0.5,0.01,0.04,3.798423599278189,
True,L63+time,EAKF,0.5,0.01,0.04,3.5212989739646945,
True,L63+time,EAKF,0.5,0.01,0.04,3.685162175513704,
True,L63+time,EAKF,0.5,0.01,0.041,3.4832492722959927,
True,L63+time,EAKF,0.5,0.01,0.041,3.880847580476585,
True,L63+time,EAKF,0.5,0.01,0.041,4.375027496950067,
True,L63+time,EAKF,0.5,0.01,0.042,3.8901580975924235,
True,L63+time,EAKF,0.5,0.01,0.042,4.845974620057272,
True,L63+time,EAKF,0.5,0.01,0.042,3.9818426144633365,
True,L63+time,EAKF,0.5,0.01,0.043000000000000003,3.635078881060973,
True,L63+time,EAKF,0.5,0.01,0.043000000000000003,4.353123617360786,
True,L63+time,EAKF,0.5,0.01,0.043000000000000003,3.846728108235508,
True,L63+time,EAKF,0.5,0.01,0.044,4.705208097796637,
True,L63+time,EAKF,0.5,0.01,0.044,4.672857703139061,
True,L63+time,EAKF,0.5,0.01,0.044,3.4588227047412947,
True,L63+time,EAKF,0.5,0.01,0.045,3.633510140800711,
True,L63+time,EAKF,0.5,0.01,0.045,4.24224747465209,
True,L63+time,EAKF,0.5,0.01,0.045,3.7265380097362115,
True,L63+time,EAKF,0.5,0.01,0.046,4.339779553748527,
True,L63+time,EAKF,0.5,0.01,0.046,4.12317650614433,
True,L63+time,EAKF,0.5,0.01,0.046,4.61783626348572,
True,L63+time,EAKF,0.5,0.01,0.047,4.572818466923218,
True,L63+time,EAKF,0.5,0.01,0.047,5.162181511808997,
True,L63+time,EAKF,0.5,0.01,0.047,4.481641862222019,
True,L63+time,EAKF,0.5,0.01,0.048,5.050754233584844,
True,L63+time,EAKF,0.5,0.01,0.048,4.0874691107990175,
True,L63+time,EAKF,0.5,0.01,0.048,4.619179667812143,
True,L63+time,EAKF,0.5,0.01,0.049,4.941268320828208,
True,L63+time,EAKF,0.5,0.01,0.049,4.251234946064596,
True,L63+time,EAKF,0.5,0.01,0.049,4.429825464938321,
True,L63+time,EAKF,0.5,0.05,0.0,0.6452576167220925,
True,L63+time,EAKF,0.5,0.05,0.0,0.5351338629390358,
True,L63+time,EAKF,0.5,0.05,0.0,0.8194915495846673,
True,L63+time,EAKF,0.5,0.05,0.001,0.8039610566605038,
True,L63+time,EAKF,0.5,0.05,0.001,0.5962282124158661,
True,L63+time,EAKF,0.5,0.05,0.001,0.6257619980665721,
True,L63+time,EAKF,0.5,0.05,0.002,0.6174423209584801,
True,L63+time,EAKF,0.5,0.05,0.002,0.6364428811248125,
True,L63+time,EAKF,0.5,0.05,0.002,0.6308891592846888,
True,L63+time,EAKF,0.5,0.05,0.003,0.8252795342688585,
True,L63+time,EAKF,0.5,0.05,0.003,0.7892515017785902,
True,L63+time,EAKF,0.5,0.05,0.003,0.841161801311434,
True,L63+time,EAKF,0.5,0.05,0.004,0.8056124704415727,
True,L63+time,EAKF,0.5,0.05,0.004,0.8364437221006177,
True,L63+time,EAKF,0.5,0.05,0.004,0.9199891120923728,
True,L63+time,EAKF,0.5,0.05,0.005,0.766876911916321,
True,L63+time,EAKF,0.5,0.05,0.005,0.7225049838319437,
True,L63+time,EAKF,0.5,0.05,0.005,0.8287868901189384,
True,L63+time,EAKF,0.5,0.05,0.006,0.8854181898176714,
True,L63+time,EAKF,0.5,0.05,0.006,0.772101956738307,
True,L63+time,EAKF,0.5,0.05,0.006,0.9228171994628781,
True,L63+time,EAKF,0.5,0.05,0.007,0.7459926114756127,
True,L63+time,EAKF,0.5,0.05,0.007,0.7729032193788066,
True,L63+time,EAKF,0.5,0.05,0.007,0.8416820104172593,
True,L63+time,EAKF,0.5,0.05,0.008,1.0027775265001782,
True,L63+time,EAKF,0.5,0.05,0.008,1.0092625216140472,
True,L63+time,EAKF,0.5,0.05,0.008,0.7625615115770785,
True,L63+time,EAKF,0.5,0.05,0.009000000000000001,0.9737042855831785,
True,L63+time,EAKF,0.5,0.05,0.009000000000000001,0.9659263981110016,
True,L63+time,EAKF,0.5,0.05,0.009000000000000001,0.9758666735098854,
True,L63+time,EAKF,0.5,0.05,0.01,1.4065770037527583,
True,L63+time,EAKF,0.5,0.05,0.01,1.2106183030369406,
True,L63+time,EAKF,0.5,0.05,0.01,1.0759189695245424,
True,L63+time,EAKF,0.5,0.05,0.011,1.1733725042955712,
True,L63+time,EAKF,0.5,0.05,0.011,1.2963885394561472,
True,L63+time,EAKF,0.5,0.05,0.011,1.1854235570246843,
True,L63+time,EAKF,0.5,0.05,0.012,1.2483164321972848,
True,L63+time,EAKF,0.5,0.05,0.012,1.2538406883279483,
True,L63+time,EAKF,0.5,0.05,0.012,1.4319125500950123,
True,L63+time,EAKF,0.5,0.05,0.013000000000000001,1.210472056133806,
True,L63+time,EAKF,0.5,0.05,0.013000000000000001,1.4066846256091914,
True,L63+time,EAKF,0.5,0.05,0.013000000000000001,1.3877360853819196,
True,L63+time,EAKF,0.5,0.05,0.014,1.4665352307808264,
True,L63+time,EAKF,0.5,0.05,0.014,1.1907705041213699,
True,L63+time,EAKF,0.5,0.05,0.014,1.5110986093480132,
True,L63+time,EAKF,0.5,0.05,0.015,1.5892696036985707,
True,L63+time,EAKF,0.5,0.05,0.015,1.7259623522465197,
True,L63+time,EAKF,0.5,0.05,0.015,1.6925530951289978,
True,L63+time,EAKF,0.5,0.05,0.016,1.2636780531255063,
True,L63+time,EAKF,0.5,0.05,0.016,1.7373678281958143,
True,L63+time,EAKF,0.5,0.05,0.016,1.534852000215906,
True,L63+time,EAKF,0.5,0.05,0.017,1.693358335479328,
True,L63+time,EAKF,0.5,0.05,0.017,1.8949913518344013,
True,L63+time,EAKF,0.5,0.05,0.017,1.5037785640865196,
True,L63+time,EAKF,0.5,0.05,0.018000000000000002,2.105168915462009,
True,L63+time,EAKF,0.5,0.05,0.018000000000000002,1.603720242398286,
True,L63+time,EAKF,0.5,0.05,0.018000000000000002,1.6533416197634838,
True,L63+time,EAKF,0.5,0.05,0.019,1.7249021668132243,
True,L63+time,EAKF,0.5,0.05,0.019,1.96189842715359,
True,L63+time,EAKF,0.5,0.05,0.019,1.769163824840045,
True,L63+time,EAKF,0.5,0.05,0.02,1.9014028765994435,
True,L63+time,EAKF,0.5,0.05,0.02,2.050781506618468,
True,L63+time,EAKF,0.5,0.05,0.02,2.147660476743054,
True,L63+time,EAKF,0.5,0.05,0.021,1.9821318330407953,
True,L63+time,EAKF,0.5,0.05,0.021,2.37698884284373,
True,L63+time,EAKF,0.5,0.05,0.021,2.467066433074569,
True,L63+time,EAKF,0.5,0.05,0.022,1.915768265370709,
True,L63+time,EAKF,0.5,0.05,0.022,1.8474601222625786,
True,L63+time,EAKF,0.5,0.05,0.022,2.0031260953464343,
True,L63+time,EAKF,0.5,0.05,0.023,1.980843963804356,
True,L63+time,EAKF,0.5,0.05,0.023,2.015322178405212,
True,L63+time,EAKF,0.5,0.05,0.023,2.282344241216274,
True,L63+time,EAKF,0.5,0.05,0.024,1.9652446471267986,
True,L63+time,EAKF,0.5,0.05,0.024,2.3777118654742475,
True,L63+time,EAKF,0.5,0.05,0.024,3.0773349779218115,
True,L63+time,EAKF,0.5,0.05,0.025,2.219420693187481,
True,L63+time,EAKF,0.5,0.05,0.025,2.383619123445878,
True,L63+time,EAKF,0.5,0.05,0.025,2.233443882610202,
True,L63+time,EAKF,0.5,0.05,0.026000000000000002,2.5099578895673256,
True,L63+time,EAKF,0.5,0.05,0.026000000000000002,2.3650455333276255,
True,L63+time,EAKF,0.5,0.05,0.026000000000000002,2.2787806854008075,
True,L63+time,EAKF,0.5,0.05,0.027,2.4146344096784103,
True,L63+time,EAKF,0.5,0.05,0.027,2.3370871276843364,
True,L63+time,EAKF,0.5,0.05,0.027,2.7238653089963054,
True,L63+time,EAKF,0.5,0.05,0.028,2.1078103512186552,
True,L63+time,EAKF,0.5,0.05,0.028,2.418719187157592,
True,L63+time,EAKF,0.5,0.05,0.028,2.3242675037673766,
True,L63+time,EAKF,0.5,0.05,0.029,2.611724317055302,
True,L63+time,EAKF,0.5,0.05,0.029,2.6141843964917775,
True,L63+time,EAKF,0.5,0.05,0.029,3.2012696805221355,
True,L63+time,EAKF,0.5,0.05,0.03,2.9693517851117526,
True,L63+time,EAKF,0.5,0.05,0.03,2.6555925947196357,
True,L63+time,EAKF,0.5,0.05,0.03,2.7897359290711234,
True,L63+time,EAKF,0.5,0.05,0.031,2.8750058362347004,
True,L63+time,EAKF,0.5,0.05,0.031,3.3664283371413126,
True,L63+time,EAKF,0.5,0.05,0.031,2.4668170013331165,
True,L63+time,EAKF,0.5,0.05,0.032,3.154155925603107,
True,L63+time,EAKF,0.5,0.05,0.032,2.845885270134335,
True,L63+time,EAKF,0.5,0.05,0.032,3.1002898257280487,
True,L63+time,EAKF,0.5,0.05,0.033,2.920163169758304,
True,L63+time,EAKF,0.5,0.05,0.033,3.5117271124743685,
True,L63+time,EAKF,0.5,0.05,0.033,2.9243308886307786,
True,L63+time,EAKF,0.5,0.05,0.034,3.100095166849335,
True,L63+time,EAKF,0.5,0.05,0.034,3.4411216099446658,
True,L63+time,EAKF,0.5,0.05,0.034,3.2565702904851497,
True,L63+time,EAKF,0.5,0.05,0.035,3.3403664664386494,
True,L63+time,EAKF,0.5,0.05,0.035,3.1657265906239362,
True,L63+time,EAKF,0.5,0.05,0.035,3.1381109485762866,
True,L63+time,EAKF,0.5,0.05,0.036000000000000004,3.144381433747561,
True,L63+time,EAKF,0.5,0.05,0.036000000000000004,3.451065112837816,
True,L63+time,EAKF,0.5,0.05,0.036000000000000004,3.582459372086238,
True,L63+time,EAKF,0.5,0.05,0.037,2.842647249102362,
True,L63+time,EAKF,0.5,0.05,0.037,3.3101136444652304,
True,L63+time,EAKF,0.5,0.05,0.037,3.5044881451837475,
True,L63+time,EAKF,0.5,0.05,0.038,3.251574986917115,
True,L63+time,EAKF,0.5,0.05,0.038,4.047187490178027,
True,L63+time,EAKF,0.5,0.05,0.038,2.883435635152011,
True,L63+time,EAKF,0.5,0.05,0.039,3.5238277058990093,
True,L63+time,EAKF,0.5,0.05,0.039,3.6902808018805007,
True,L63+time,EAKF,0.5,0.05,0.039,3.365490673844292,
True,L63+time,EAKF,0.5,0.05,0.04,3.6850708518654702,
True,L63+time,EAKF,0.5,0.05,0.04,3.709689541183907,
True,L63+time,EAKF,0.5,0.05,0.04,3.532251730924936,
True,L63+time,EAKF,0.5,0.05,0.041,3.5657531715987028,
True,L63+time,EAKF,0.5,0.05,0.041,4.078632689303274,
True,L63+time,EAKF,0.5,0.05,0.041,3.662933314153284,
True,L63+time,EAKF,0.5,0.05,0.042,3.8657210074347157,
True,L63+time,EAKF,0.5,0.05,0.042,4.317921526830959,
True,L63+time,EAKF,0.5,0.05,0.042,3.6339701888127305,
True,L63+time,EAKF,0.5,0.05,0.043000000000000003,4.184973381540602,
True,L63+time,EAKF,0.5,0.05,0.043000000000000003,4.153626398140894,
True,L63+time,EAKF,0.5,0.05,0.043000000000000003,4.366343584647388,
True,L63+time,EAKF,0.5,0.05,0.044,3.5232553264610824,
True,L63+time,EAKF,0.5,0.05,0.044,4.210540237696417,
True,L63+time,EAKF,0.5,0.05,0.044,3.6620379546616295,
True,L63+time,EAKF,0.5,0.05,0.045,4.474204541409646,
True,L63+time,EAKF,0.5,0.05,0.045,3.8014540281438136,
True,L63+time,EAKF,0.5,0.05,0.045,3.617495667243673,
True,L63+time,EAKF,0.5,0.05,0.046,4.622132568172994,
True,L63+time,EAKF,0.5,0.05,0.046,4.261848945229211,
True,L63+time,EAKF,0.5,0.05,0.046,4.366281161766556,
True,L63+time,EAKF,0.5,0.05,0.047,4.188284702978331,
True,L63+time,EAKF,0.5,0.05,0.047,3.8256959053532147,
True,L63+time,EAKF,0.5,0.05,0.047,4.13610538649795,
True,L63+time,EAKF,0.5,0.05,0.048,4.833446603954462,
True,L63+time,EAKF,0.5,0.05,0.048,4.734062519480765,
True,L63+time,EAKF,0.5,0.05,0.048,4.66739628653727,
True,L63+time,EAKF,0.5,0.05,0.049,4.69939072075873,
True,L63+time,EAKF,0.5,0.05,0.049,4.440562764835691,
True,L63+time,EAKF,0.5,0.05,0.049,4.440591756451497,
True,L63+time,EAKF,0.5,0.1,0.0,0.6855493156997365,
True,L63+time,EAKF,0.5,0.1,0.0,0.9517822587148678,
True,L63+time,EAKF,0.5,0.1,0.0,0.7140762334214966,
True,L63+time,EAKF,0.5,0.1,0.001,0.8751644431044581,
True,L63+time,EAKF,0.5,0.1,0.001,0.6775882101516577,
True,L63+time,EAKF,0.5,0.1,0.001,0.79896739260938,
True,L63+time,EAKF,0.5,0.1,0.002,0.9236402953866144,
True,L63+time,EAKF,0.5,0.1,0.002,0.7176032642345347,
True,L63+time,EAKF,0.5,0.1,0.002,0.8067270248485247,
True,L63+time,EAKF,0.5,0.1,0.003,0.9123695899011834,
True,L63+time,EAKF,0.5,0.1,0.003,1.0007243669756765,
True,L63+time,EAKF,0.5,0.1,0.003,0.7813608759442217,
True,L63+time,EAKF,0.5,0.1,0.004,0.8749896492922417,
True,L63+time,EAKF,0.5,0.1,0.004,0.9277835795995416,
True,L63+time,EAKF,0.5,0.1,0.004,1.0003260164049843,
True,L63+time,EAKF,0.5,0.1,0.005,0.936567469734298,
True,L63+time,EAKF,0.5,0.1,0.005,0.8138308716600936,
True,L63+time,EAKF,0.5,0.1,0.005,0.873560034900839,
True,L63+time,EAKF,0.5,0.1,0.006,0.9261056241869551,
True,L63+time,EAKF,0.5,0.1,0.006,1.0938500188683744,
True,L63+time,EAKF,0.5,0.1,0.006,0.9405907623581613,
True,L63+time,EAKF,0.5,0.1,0.007,0.9936548382285416,
True,L63+time,EAKF,0.5,0.1,0.007,1.0175169280245133,
True,L63+time,EAKF,0.5,0.1,0.007,1.0283150188852832,
True,L63+time,EAKF,0.5,0.1,0.008,1.2233672584386421,
True,L63+time,EAKF,0.5,0.1,0.008,1.0265654071983918,
True,L63+time,EAKF,0.5,0.1,0.008,1.1025800576143068,
True,L63+time,EAKF,0.5,0.1,0.009000000000000001,1.0477540906938367,
True,L63+time,EAKF,0.5,0.1,0.009000000000000001,1.0112268557235229,
True,L63+time,EAKF,0.5,0.1,0.009000000000000001,1.1306943382552581,
True,L63+time,EAKF,0.5,0.1,0.01,1.3278194067798963,
True,L63+time,EAKF,0.5,0.1,0.01,1.2169357376875003,
True,L63+time,EAKF,0.5,0.1,0.01,1.3332162380948351,
True,L63+time,EAKF,0.5,0.1,0.011,1.3867596477720066,
True,L63+time,EAKF,0.5,0.1,0.011,1.304689347150631,
True,L63+time,EAKF,0.5,0.1,0.011,1.2712693551132765,
True,L63+time,EAKF,0.5,0.1,0.012,1.3660004022088441,
True,L63+time,EAKF,0.5,0.1,0.012,1.3937929145385421,
True,L63+time,EAKF,0.5,0.1,0.012,1.2101736883149745,
True,L63+time,EAKF,0.5,0.1,0.013000000000000001,1.437743708018896,
True,L63+time,EAKF,0.5,0.1,0.013000000000000001,1.2859522502906422,
True,L63+time,EAKF,0.5,0.1,0.013000000000000001,1.219091724073903,
True,L63+time,EAKF,0.5,0.1,0.014,1.3787481907384729,
True,L63+time,EAKF,0.5,0.1,0.014,1.3795528031822872,
True,L63+time,EAKF,0.5,0.1,0.014,1.4071780296695175,
True,L63+time,EAKF,0.5,0.1,0.015,1.7981203039131204,
True,L63+time,EAKF,0.5,0.1,0.015,1.395629510338931,
True,L63+time,EAKF,0.5,0.1,0.015,2.1474301380604337,
True,L63+time,EAKF,0.5,0.1,0.016,1.7047485626499828,
True,L63+time,EAKF,0.5,0.1,0.016,1.6750321911518282,
True,L63+time,EAKF,0.5,0.1,0.016,1.5458240059192079,
True,L63+time,EAKF,0.5,0.1,0.017,1.7405052057002075,
True,L63+time,EAKF,0.5,0.1,0.017,1.8255595619361789,
True,L63+time,EAKF,0.5,0.1,0.017,2.4263166822043085,
True,L63+time,EAKF,0.5,0.1,0.018000000000000002,1.7850182254924558,
True,L63+time,EAKF,0.5,0.1,0.018000000000000002,1.9790301286927754,
True,L63+time,EAKF,0.5,0.1,0.018000000000000002,2.189015887151479,
True,L63+time,EAKF,0.5,0.1,0.019,1.7004600123566576,
True,L63+time,EAKF,0.5,0.1,0.019,1.9838140735310248,
True,L63+time,EAKF,0.5,0.1,0.019,1.6637276630515165,
True,L63+time,EAKF,0.5,0.1,0.02,1.99214976633687,
True,L63+time,EAKF,0.5,0.1,0.02,1.7323149759529994,
True,L63+time,EAKF,0.5,0.1,0.02,1.9613365083139043,
True,L63+time,EAKF,0.5,0.1,0.021,1.9852784442161298,
True,L63+time,EAKF,0.5,0.1,0.021,1.8924474160487632,
True,L63+time,EAKF,0.5,0.1,0.021,2.453385341938806,
True,L63+time,EAKF,0.5,0.1,0.022,1.8885652835917162,
True,L63+time,EAKF,0.5,0.1,0.022,2.105883309134846,
True,L63+time,EAKF,0.5,0.1,0.022,2.140990066471546,
True,L63+time,EAKF,0.5,0.1,0.023,1.9145293943727817,
True,L63+time,EAKF,0.5,0.1,0.023,2.436439337953926,
True,L63+time,EAKF,0.5,0.1,0.023,2.0258096453527457,
True,L63+time,EAKF,0.5,0.1,0.024,2.092452596971828,
True,L63+time,EAKF,0.5,0.1,0.024,2.9275470735898974,
True,L63+time,EAKF,0.5,0.1,0.024,2.247886714865265,
True,L63+time,EAKF,0.5,0.1,0.025,2.623993423510936,
True,L63+time,EAKF,0.5,0.1,0.025,2.233482277823422,
True,L63+time,EAKF,0.5,0.1,0.025,3.267994519450454,
True,L63+time,EAKF,0.5,0.1,0.026000000000000002,2.4633911320069357,
True,L63+time,EAKF,0.5,0.1,0.026000000000000002,2.861634504957292,
True,L63+time,EAKF,0.5,0.1,0.026000000000000002,2.3298594066125835,
True,L63+time,EAKF,0.5,0.1,0.027,2.4262184669321054,
True,L63+time,EAKF,0.5,0.1,0.027,2.4987994001651965,
True,L63+time,EAKF,0.5,0.1,0.027,2.673597143033888,
True,L63+time,EAKF,0.5,0.1,0.028,2.291449170754133,
True,L63+time,EAKF,0.5,0.1,0.028,2.687204115344531,
True,L63+time,EAKF,0.5,0.1,0.028,2.532583346788293,
True,L63+time,EAKF,0.5,0.1,0.029,2.8452057605570205,
True,L63+time,EAKF,0.5,0.1,0.029,2.6357167619394843,
True,L63+time,EAKF,0.5,0.1,0.029,2.7502875173407033,
True,L63+time,EAKF,0.5,0.1,0.03,2.584084337145528,
True,L63+time,EAKF,0.5,0.1,0.03,2.5709902704925005,
True,L63+time,EAKF,0.5,0.1,0.03,2.5324254067411265,
True,L63+time,EAKF,0.5,0.1,0.031,3.463935416523261,
True,L63+time,EAKF,0.5,0.1,0.031,2.936379642304917,
True,L63+time,EAKF,0.5,0.1,0.031,3.150655369724156,
True,L63+time,EAKF,0.5,0.1,0.032,2.687260508385028,
True,L63+time,EAKF,0.5,0.1,0.032,2.61163736080211,
True,L63+time,EAKF,0.5,0.1,0.032,2.8680810853052927,
True,L63+time,EAKF,0.5,0.1,0.033,3.3238005569068694,
True,L63+time,EAKF,0.5,0.1,0.033,2.776166863926233,
True,L63+time,EAKF,0.5,0.1,0.033,3.243510287233231,
True,L63+time,EAKF,0.5,0.1,0.034,3.4491611653046967,
True,L63+time,EAKF,0.5,0.1,0.034,3.1216792605549286,
True,L63+time,EAKF,0.5,0.1,0.034,3.1897144489741573,
True,L63+time,EAKF,0.5,0.1,0.035,2.9673400951340065,
True,L63+time,EAKF,0.5,0.1,0.035,3.7766051464436243,
True,L63+time,EAKF,0.5,0.1,0.035,3.193178073304652,
True,L63+time,EAKF,0.5,0.1,0.036000000000000004,2.936904885860111,
True,L63+time,EAKF,0.5,0.1,0.036000000000000004,3.1511530659156857,
True,L63+time,EAKF,0.5,0.1,0.036000000000000004,3.5040513171762417,
True,L63+time,EAKF,0.5,0.1,0.037,3.3305620042467052,
True,L63+time,EAKF,0.5,0.1,0.037,3.6270815156278955,
True,L63+time,EAKF,0.5,0.1,0.037,3.3786100756244397,
True,L63+time,EAKF,0.5,0.1,0.038,3.7575819718925314,
True,L63+time,EAKF,0.5,0.1,0.038,4.336033608462655,
True,L63+time,EAKF,0.5,0.1,0.038,3.675748429766992,
True,L63+time,EAKF,0.5,0.1,0.039,3.4986508902235234,
True,L63+time,EAKF,0.5,0.1,0.039,3.47303884137632,
True,L63+time,EAKF,0.5,0.1,0.039,3.635289155326843,
True,L63+time,EAKF,0.5,0.1,0.04,3.734639892811221,
True,L63+time,EAKF,0.5,0.1,0.04,3.6000512486899217,
True,L63+time,EAKF,0.5,0.1,0.04,3.778601089526253,
True,L63+time,EAKF,0.5,0.1,0.041,3.041447317843766,
True,L63+time,EAKF,0.5,0.1,0.041,3.869153494570293,
True,L63+time,EAKF,0.5,0.1,0.041,4.367638466629729,
True,L63+time,EAKF,0.5,0.1,0.042,3.700699549166859,
True,L63+time,EAKF,0.5,0.1,0.042,3.8888994540905673,
True,L63+time,EAKF,0.5,0.1,0.042,3.794266034180699,
True,L63+time,EAKF,0.5,0.1,0.043000000000000003,3.974071682567128,
True,L63+time,EAKF,0.5,0.1,0.043000000000000003,4.0036857479636785,
True,L63+time,EAKF,0.5,0.1,0.043000000000000003,3.6935925004525143,
True,L63+time,EAKF,0.5,0.1,0.044,3.7959342815991404,
True,L63+time,EAKF,0.5,0.1,0.044,4.479084702997977,
True,L63+time,EAKF,0.5,0.1,0.044,3.533930456220535,
True,L63+time,EAKF,0.5,0.1,0.045,4.052128144531229,
True,L63+time,EAKF,0.5,0.1,0.045,5.130600864696723,
True,L63+time,EAKF,0.5,0.1,0.045,3.796996992405039,
True,L63+time,EAKF,0.5,0.1,0.046,4.291900441003357,
True,L63+time,EAKF,0.5,0.1,0.046,3.847330827171575,
True,L63+time,EAKF,0.5,0.1,0.046,5.149043799936265,
True,L63+time,EAKF,0.5,0.1,0.047,4.194512383252373,
True,L63+time,EAKF,0.5,0.1,0.047,3.89760762792328,
True,L63+time,EAKF,0.5,0.1,0.047,4.138602062180473,
True,L63+time,EAKF,0.5,0.1,0.048,4.455385828674406,
True,L63+time,EAKF,0.5,0.1,0.048,4.539731758069354,
True,L63+time,EAKF,0.5,0.1,0.048,4.3708414739342585,
True,L63+time,EAKF,0.5,0.1,0.049,4.0001354250207495,
True,L63+time,EAKF,0.5,0.1,0.049,3.987998153981059,
True,L63+time,EAKF,0.5,0.1,0.049,4.51382418241999,
False,L63+time,EAKF,0.5,0.01,0.0,0.6987556295073605,
False,L63+time,EAKF,0.5,0.01,0.0,0.49625559739486924,
False,L63+time,EAKF,0.5,0.01,0.0,0.7347054382014918,
False,L63+time,EAKF,0.5,0.01,0.001,0.7692769691293447,
False,L63+time,EAKF,0.5,0.01,0.001,0.5590828216835766,
False,L63+time,EAKF,0.5,0.01,0.001,0.7933701244508286,
False,L63+time,EAKF,0.5,0.01,0.002,0.651857681642456,
False,L63+time,EAKF,0.5,0.01,0.002,0.6586907826021925,
False,L63+time,EAKF,0.5,0.01,0.002,0.8272406775201112,
False,L63+time,EAKF,0.5,0.01,0.003,0.6843326903879403,
False,L63+time,EAKF,0.5,0.01,0.003,1.0410869054938305,
False,L63+time,EAKF,0.5,0.01,0.003,0.7121033636316393,
False,L63+time,EAKF,0.5,0.01,0.004,0.8390305118303296,
False,L63+time,EAKF,0.5,0.01,0.004,0.830323329896854,
False,L63+time,EAKF,0.5,0.01,0.004,0.7546917185243516,
False,L63+time,EAKF,0.5,0.01,0.005,0.9544509311902284,
False,L63+time,EAKF,0.5,0.01,0.005,1.4083111848021146,
False,L63+time,EAKF,0.5,0.01,0.005,1.0202207747867875,
False,L63+time,EAKF,0.5,0.01,0.006,0.9236713460905759,
False,L63+time,EAKF,0.5,0.01,0.006,1.3537525749384944,
False,L63+time,EAKF,0.5,0.01,0.006,0.8311148268421448,
False,L63+time,EAKF,0.5,0.01,0.007,1.0355389582073655,
False,L63+time,EAKF,0.5,0.01,0.007,1.504718747410025,
False,L63+time,EAKF,0.5,0.01,0.007,0.7655020792022115,
False,L63+time,EAKF,0.5,0.01,0.008,1.1697346464702236,
False,L63+time,EAKF,0.5,0.01,0.008,1.2822827778431387,
False,L63+time,EAKF,0.5,0.01,0.008,0.9148828011700172,
False,L63+time,EAKF,0.5,0.01,0.009000000000000001,1.1346054949827262,
False,L63+time,EAKF,0.5,0.01,0.009000000000000001,1.0664080161451355,
False,L63+time,EAKF,0.5,0.01,0.009000000000000001,0.9744283231348286,
False,L63+time,EAKF,0.5,0.01,0.01,1.2639011335084844,
False,L63+time,EAKF,0.5,0.01,0.01,1.1745010698310534,
False,L63+time,EAKF,0.5,0.01,0.01,1.3586237684420344,
False,L63+time,EAKF,0.5,0.01,0.011,1.412676992227776,
False,L63+time,EAKF,0.5,0.01,0.011,1.3135190249666115,
False,L63+time,EAKF,0.5,0.01,0.011,2.1282038655715523,
False,L63+time,EAKF,0.5,0.01,0.012,1.7252507671905424,
False,L63+time,EAKF,0.5,0.01,0.012,1.357726409676549,
False,L63+time,EAKF,0.5,0.01,0.012,2.307835208325129,
False,L63+time,EAKF,0.5,0.01,0.013000000000000001,1.8296720444026813,
False,L63+time,EAKF,0.5,0.01,0.013000000000000001,1.7374826126485006,
False,L63+time,EAKF,0.5,0.01,0.013000000000000001,1.4314793010198599,
False,L63+time,EAKF,0.5,0.01,0.014,1.522515662737898,
False,L63+time,EAKF,0.5,0.01,0.014,1.5719725079665336,
False,L63+time,EAKF,0.5,0.01,0.014,2.441690959467761,
False,L63+time,EAKF,0.5,0.01,0.015,1.6897749227340608,
False,L63+time,EAKF,0.5,0.01,0.015,1.681910308051775,
False,L63+time,EAKF,0.5,0.01,0.015,1.7682334166672504,
False,L63+time,EAKF,0.5,0.01,0.016,2.690422347377589,
False,L63+time,EAKF,0.5,0.01,0.016,2.2817415871463376,
False,L63+time,EAKF,0.5,0.01,0.016,2.000372298215451,
False,L63+time,EAKF,0.5,0.01,0.017,1.746737336646962,
False,L63+time,EAKF,0.5,0.01,0.017,2.2343791945324485,
False,L63+time,EAKF,0.5,0.01,0.017,2.0539842584904293,
False,L63+time,EAKF,0.5,0.01,0.018000000000000002,2.909751048314387,
False,L63+time,EAKF,0.5,0.01,0.018000000000000002,1.8644810277738797,
False,L63+time,EAKF,0.5,0.01,0.018000000000000002,1.9739342549735666,
False,L63+time,EAKF,0.5,0.01,0.019,2.14351031971271,
False,L63+time,EAKF,0.5,0.01,0.019,3.0233948492580764,
False,L63+time,EAKF,0.5,0.01,0.019,2.3967996023208546,
False,L63+time,EAKF,0.5,0.01,0.02,3.7809535839596196,
False,L63+time,EAKF,0.5,0.01,0.02,4.149249026229754,
False,L63+time,EAKF,0.5,0.01,0.02,2.1900674802501596,
False,L63+time,EAKF,0.5,0.01,0.021,2.593750927831791,
False,L63+time,EAKF,0.5,0.01,0.021,2.5087864584554693,
False,L63+time,EAKF,0.5,0.01,0.021,2.4074217616515714,
False,L63+time,EAKF,0.5,0.01,0.022,2.7089310926866466,
False,L63+time,EAKF,0.5,0.01,0.022,2.533562309031329,
False,L63+time,EAKF,0.5,0.01,0.022,2.1400974049720394,
False,L63+time,EAKF,0.5,0.01,0.023,2.5524219520802336,
False,L63+time,EAKF,0.5,0.01,0.023,3.078025385408465,
False,L63+time,EAKF,0.5,0.01,0.023,2.2023078602515023,
False,L63+time,EAKF,0.5,0.01,0.024,3.732984629652292,
False,L63+time,EAKF,0.5,0.01,0.024,2.370036690429798,
False,L63+time,EAKF,0.5,0.01,0.024,2.2068024842963228,
False,L63+time,EAKF,0.5,0.01,0.025,2.1744415153154066,
False,L63+time,EAKF,0.5,0.01,0.025,2.9756223835182225,
False,L63+time,EAKF,0.5,0.01,0.025,3.1709539289661888,
False,L63+time,EAKF,0.5,0.01,0.026000000000000002,2.6424596185842817,
False,L63+time,EAKF,0.5,0.01,0.026000000000000002,3.161383566615596,
False,L63+time,EAKF,0.5,0.01,0.026000000000000002,3.358700893828665,
False,L63+time,EAKF,0.5,0.01,0.027,2.9694906296905748,
False,L63+time,EAKF,0.5,0.01,0.027,3.056178104761479,
False,L63+time,EAKF,0.5,0.01,0.027,2.940696263353939,
False,L63+time,EAKF,0.5,0.01,0.028,2.747188914180114,
False,L63+time,EAKF,0.5,0.01,0.028,3.1401805414169015,
False,L63+time,EAKF,0.5,0.01,0.028,4.0203676429294415,
False,L63+time,EAKF,0.5,0.01,0.029,4.1932023392787965,
False,L63+time,EAKF,0.5,0.01,0.029,2.511740108330832,
False,L63+time,EAKF,0.5,0.01,0.029,2.9476060424902957,
False,L63+time,EAKF,0.5,0.01,0.03,2.4752258213044502,
False,L63+time,EAKF,0.5,0.01,0.03,2.675436239371722,
False,L63+time,EAKF,0.5,0.01,0.03,5.188416035282851,
False,L63+time,EAKF,0.5,0.01,0.031,2.899327297432131,
False,L63+time,EAKF,0.5,0.01,0.031,3.3758345674075088,
False,L63+time,EAKF,0.5,0.01,0.031,3.8826845655088995,
False,L63+time,EAKF,0.5,0.01,0.032,3.867663158288695,
False,L63+time,EAKF,0.5,0.01,0.032,3.315700130784357,
False,L63+time,EAKF,0.5,0.01,0.032,2.8520286929376244,
False,L63+time,EAKF,0.5,0.01,0.033,3.496901516792482,
False,L63+time,EAKF,0.5,0.01,0.033,3.524444557691609,
False,L63+time,EAKF,0.5,0.01,0.033,3.439425491904624,
False,L63+time,EAKF,0.5,0.01,0.034,3.5948948668346365,
False,L63+time,EAKF,0.5,0.01,0.034,2.807795036001328,
False,L63+time,EAKF,0.5,0.01,0.034,3.2924253481681216,
False,L63+time,EAKF,0.5,0.01,0.035,3.6691812296120285,
False,L63+time,EAKF,0.5,0.01,0.035,5.09807086310287,
False,L63+time,EAKF,0.5,0.01,0.035,3.986869111377984,
False,L63+time,EAKF,0.5,0.01,0.036000000000000004,4.4802296381668345,
False,L63+time,EAKF,0.5,0.01,0.036000000000000004,3.7023918245576395,
False,L63+time,EAKF,0.5,0.01,0.036000000000000004,3.5544082816259,
False,L63+time,EAKF,0.5,0.01,0.037,3.6462741231835314,
False,L63+time,EAKF,0.5,0.01,0.037,3.1632440867858387,
False,L63+time,EAKF,0.5,0.01,0.037,2.6971177804540103,
False,L63+time,EAKF,0.5,0.01,0.038,4.686403060958719,
False,L63+time,EAKF,0.5,0.01,0.038,3.280532022996905,
False,L63+time,EAKF,0.5,0.01,0.038,3.382600618459557,
False,L63+time,EAKF,0.5,0.01,0.039,6.607065343579711,
False,L63+time,EAKF,0.5,0.01,0.039,3.944091520435519,
False,L63+time,EAKF,0.5,0.01,0.039,3.34788168916747,
False,L63+time,EAKF,0.5,0.01,0.04,4.261622014412232,
False,L63+time,EAKF,0.5,0.01,0.04,3.8509913435004335,
False,L63+time,EAKF,0.5,0.01,0.04,4.350696684576433,
False,L63+time,EAKF,0.5,0.01,0.041,4.474125143060555,
False,L63+time,EAKF,0.5,0.01,0.041,5.786494138125054,
False,L63+time,EAKF,0.5,0.01,0.041,3.7030325356978566,
False,L63+time,EAKF,0.5,0.01,0.042,5.815333259711742,
False,L63+time,EAKF,0.5,0.01,0.042,4.391410781356983,
False,L63+time,EAKF,0.5,0.01,0.042,4.0668512380122595,
False,L63+time,EAKF,0.5,0.01,0.043000000000000003,4.158739874515752,
False,L63+time,EAKF,0.5,0.01,0.043000000000000003,3.965325185147873,
False,L63+time,EAKF,0.5,0.01,0.043000000000000003,5.32256523079173,
False,L63+time,EAKF,0.5,0.01,0.044,4.027478729880772,
False,L63+time,EAKF,0.5,0.01,0.044,5.44066816014288,
False,L63+time,EAKF,0.5,0.01,0.044,7.084466318064702,
False,L63+time,EAKF,0.5,0.01,0.045,4.513120218908372,
False,L63+time,EAKF,0.5,0.01,0.045,4.922297832281834,
False,L63+time,EAKF,0.5,0.01,0.045,4.965054205442582,
False,L63+time,EAKF,0.5,0.01,0.046,4.718114128943927,
False,L63+time,EAKF,0.5,0.01,0.046,4.274682535475315,
False,L63+time,EAKF,0.5,0.01,0.046,4.287531812627552,
False,L63+time,EAKF,0.5,0.01,0.047,5.4989882934168755,
False,L63+time,EAKF,0.5,0.01,0.047,5.0560393508593595,
False,L63+time,EAKF,0.5,0.01,0.047,4.408255605992528,
False,L63+time,EAKF,0.5,0.01,0.048,5.579913895203231,
False,L63+time,EAKF,0.5,0.01,0.048,4.5746210503489815,
False,L63+time,EAKF,0.5,0.01,0.048,6.287382753870024,
False,L63+time,EAKF,0.5,0.01,0.049,4.758683193067808,
False,L63+time,EAKF,0.5,0.01,0.049,6.402288033781636,
False,L63+time,EAKF,0.5,0.01,0.049,5.682855053225366,
False,L63+time,EAKF,0.5,0.05,0.0,0.5790100041267934,
False,L63+time,EAKF,0.5,0.05,0.0,0.7623933970539998,
False,L63+time,EAKF,0.5,0.05,0.0,0.8764328798091306,
False,L63+time,EAKF,0.5,0.05,0.001,0.7669398556975635,
False,L63+time,EAKF,0.5,0.05,0.001,0.7974554276903012,
False,L63+time,EAKF,0.5,0.05,0.001,0.8181738669285598,
False,L63+time,EAKF,0.5,0.05,0.002,0.7392278328502349,
False,L63+time,EAKF,0.5,0.05,0.002,0.8573428201117805,
False,L63+time,EAKF,0.5,0.05,0.002,0.8426514868453772,
False,L63+time,EAKF,0.5,0.05,0.003,0.8083381044035247,
False,L63+time,EAKF,0.5,0.05,0.003,0.7579583198224661,
False,L63+time,EAKF,0.5,0.05,0.003,0.9741143854805102,
False,L63+time,EAKF,0.5,0.05,0.004,0.9548008676991718,
False,L63+time,EAKF,0.5,0.05,0.004,0.8817232905270265,
False,L63+time,EAKF,0.5,0.05,0.004,1.526742007858855,
False,L63+time,EAKF,0.5,0.05,0.005,0.8730196422354861,
False,L63+time,EAKF,0.5,0.05,0.005,0.9069504326573306,
False,L63+time,EAKF,0.5,0.05,0.005,0.7859914231692334,
False,L63+time,EAKF,0.5,0.05,0.006,0.9276643096518553,
False,L63+time,EAKF,0.5,0.05,0.006,0.9751834338304387,
False,L63+time,EAKF,0.5,0.05,0.006,0.8927937345703356,
False,L63+time,EAKF,0.5,0.05,0.007,1.0280112720556707,
False,L63+time,EAKF,0.5,0.05,0.007,2.0417492526418592,
False,L63+time,EAKF,0.5,0.05,0.007,1.0798630640966609,
False,L63+time,EAKF,0.5,0.05,0.008,1.1172710714975846,
False,L63+time,EAKF,0.5,0.05,0.008,0.9966116904651208,
False,L63+time,EAKF,0.5,0.05,0.008,1.014502206451115,
False,L63+time,EAKF,0.5,0.05,0.009000000000000001,1.008948953199835,
False,L63+time,EAKF,0.5,0.05,0.009000000000000001,1.1928849060247781,
False,L63+time,EAKF,0.5,0.05,0.009000000000000001,1.0547163137481503,
False,L63+time,EAKF,0.5,0.05,0.01,2.2504839607683405,
False,L63+time,EAKF,0.5,0.05,0.01,1.4239514060536302,
False,L63+time,EAKF,0.5,0.05,0.01,1.427854563183036,
False,L63+time,EAKF,0.5,0.05,0.011,1.3240394232958281,
False,L63+time,EAKF,0.5,0.05,0.011,2.3245694353541198,
False,L63+time,EAKF,0.5,0.05,0.011,1.2087915360672792,
False,L63+time,EAKF,0.5,0.05,0.012,1.6448797696122917,
False,L63+time,EAKF,0.5,0.05,0.012,1.248894359469509,
False,L63+time,EAKF,0.5,0.05,0.012,1.9296482417797216,
False,L63+time,EAKF,0.5,0.05,0.013000000000000001,1.6125342206676967,
False,L63+time,EAKF,0.5,0.05,0.013000000000000001,1.16859269870183,
False,L63+time,EAKF,0.5,0.05,0.013000000000000001,1.1869745981901207,
False,L63+time,EAKF,0.5,0.05,0.014,1.240146799873354,
False,L63+time,EAKF,0.5,0.05,0.014,1.7821727014494069,
False,L63+time,EAKF,0.5,0.05,0.014,1.4987384234650054,
False,L63+time,EAKF,0.5,0.05,0.015,1.8459948650654192,
False,L63+time,EAKF,0.5,0.05,0.015,1.7934776962692482,
False,L63+time,EAKF,0.5,0.05,0.015,1.7855866479116849,
False,L63+time,EAKF,0.5,0.05,0.016,2.0664578676405827,
False,L63+time,EAKF,0.5,0.05,0.016,1.467338051399818,
False,L63+time,EAKF,0.5,0.05,0.016,1.913086115180807,
False,L63+time,EAKF,0.5,0.05,0.017,2.6182709312033756,
False,L63+time,EAKF,0.5,0.05,0.017,1.8764483791974234,
False,L63+time,EAKF,0.5,0.05,0.017,1.2999526060403648,
False,L63+time,EAKF,0.5,0.05,0.018000000000000002,1.975243305234432,
False,L63+time,EAKF,0.5,0.05,0.018000000000000002,2.609590329676464,
False,L63+time,EAKF,0.5,0.05,0.018000000000000002,1.8282753222544954,
False,L63+time,EAKF,0.5,0.05,0.019,2.865764610293006,
False,L63+time,EAKF,0.5,0.05,0.019,2.2588410094260962,
False,L63+time,EAKF,0.5,0.05,0.019,2.283613639897987,
False,L63+time,EAKF,0.5,0.05,0.02,1.9370391479199276,
False,L63+time,EAKF,0.5,0.05,0.02,1.6236479243800728,
False,L63+time,EAKF,0.5,0.05,0.02,1.7061545085791407,
False,L63+time,EAKF,0.5,0.05,0.021,2.3337830271643747,
False,L63+time,EAKF,0.5,0.05,0.021,1.9719420696140455,
False,L63+time,EAKF,0.5,0.05,0.021,3.0671029132790024,
False,L63+time,EAKF,0.5,0.05,0.022,2.9444553296084446,
False,L63+time,EAKF,0.5,0.05,0.022,1.8943386579981507,
False,L63+time,EAKF,0.5,0.05,0.022,2.1049192780244788,
False,L63+time,EAKF,0.5,0.05,0.023,2.3405880887915815,
False,L63+time,EAKF,0.5,0.05,0.023,2.7666476921715684,
False,L63+time,EAKF,0.5,0.05,0.023,4.256273043960944,
False,L63+time,EAKF,0.5,0.05,0.024,2.451084298583751,
False,L63+time,EAKF,0.5,0.05,0.024,2.3934850560942498,
False,L63+time,EAKF,0.5,0.05,0.024,2.5392926285468778,
False,L63+time,EAKF,0.5,0.05,0.025,2.5895276360065624,
False,L63+time,EAKF,0.5,0.05,0.025,2.6329626676892333,
False,L63+time,EAKF,0.5,0.05,0.025,2.4516515190242205,
False,L63+time,EAKF,0.5,0.05,0.026000000000000002,2.591650359697533,
False,L63+time,EAKF,0.5,0.05,0.026000000000000002,2.812988096919453,
False,L63+time,EAKF,0.5,0.05,0.026000000000000002,2.8061743103635335,
False,L63+time,EAKF,0.5,0.05,0.027,2.3617320619736324,
False,L63+time,EAKF,0.5,0.05,0.027,2.696618682668878,
False,L63+time,EAKF,0.5,0.05,0.027,2.472129059836169,
False,L63+time,EAKF,0.5,0.05,0.028,3.6965102519747655,
False,L63+time,EAKF,0.5,0.05,0.028,3.12565968188624,
False,L63+time,EAKF,0.5,0.05,0.028,2.4968680611455145,
False,L63+time,EAKF,0.5,0.05,0.029,2.9287485954665646,
False,L63+time,EAKF,0.5,0.05,0.029,3.933434530040141,
False,L63+time,EAKF,0.5,0.05,0.029,2.4316209789417598,
False,L63+time,EAKF,0.5,0.05,0.03,3.2220036109486134,
False,L63+time,EAKF,0.5,0.05,0.03,2.6169735151419915,
False,L63+time,EAKF,0.5,0.05,0.03,3.944120560905204,
False,L63+time,EAKF,0.5,0.05,0.031,5.235090027310246,
False,L63+time,EAKF,0.5,0.05,0.031,2.3776482441914206,
False,L63+time,EAKF,0.5,0.05,0.031,3.8260317507293164,
False,L63+time,EAKF,0.5,0.05,0.032,2.8848373057681305,
False,L63+time,EAKF,0.5,0.05,0.032,3.4913897258771827,
False,L63+time,EAKF,0.5,0.05,0.032,2.7148845400503756,
False,L63+time,EAKF,0.5,0.05,0.033,2.913904606336597,
False,L63+time,EAKF,0.5,0.05,0.033,6.369329201283947,
False,L63+time,EAKF,0.5,0.05,0.033,3.7668312758339444,
False,L63+time,EAKF,0.5,0.05,0.034,3.568710958429019,
False,L63+time,EAKF,0.5,0.05,0.034,3.2467336740967645,
False,L63+time,EAKF,0.5,0.05,0.034,3.050848153230244,
False,L63+time,EAKF,0.5,0.05,0.035,5.737885246359229,
False,L63+time,EAKF,0.5,0.05,0.035,3.627149598919503,
False,L63+time,EAKF,0.5,0.05,0.035,3.56831097529435,
False,L63+time,EAKF,0.5,0.05,0.036000000000000004,3.6778734917934677,
False,L63+time,EAKF,0.5,0.05,0.036000000000000004,3.8803268061652387,
False,L63+time,EAKF,0.5,0.05,0.036000000000000004,5.160235767847075,
False,L63+time,EAKF,0.5,0.05,0.037,3.3210312051971327,
False,L63+time,EAKF,0.5,0.05,0.037,4.434319357070694,
False,L63+time,EAKF,0.5,0.05,0.037,3.7985886282500947,
False,L63+time,EAKF,0.5,0.05,0.038,3.8685794317031967,
False,L63+time,EAKF,0.5,0.05,0.038,5.560379053059326,
False,L63+time,EAKF,0.5,0.05,0.038,4.0599957890439,
False,L63+time,EAKF,0.5,0.05,0.039,3.8060765654180515,
False,L63+time,EAKF,0.5,0.05,0.039,4.3788713488468725,
False,L63+time,EAKF,0.5,0.05,0.039,3.379905248829194,
False,L63+time,EAKF,0.5,0.05,0.04,4.402700751322439,
False,L63+time,EAKF,0.5,0.05,0.04,3.9337792402899616,
False,L63+time,EAKF,0.5,0.05,0.04,4.3286695213630155,
False,L63+time,EAKF,0.5,0.05,0.041,4.272210727658264,
False,L63+time,EAKF,0.5,0.05,0.041,4.7770205854433385,
False,L63+time,EAKF,0.5,0.05,0.041,4.616761752606556,
False,L63+time,EAKF,0.5,0.05,0.042,3.665448762264148,
False,L63+time,EAKF,0.5,0.05,0.042,5.173805569646922,
False,L63+time,EAKF,0.5,0.05,0.042,4.067015873472541,
False,L63+time,EAKF,0.5,0.05,0.043000000000000003,4.29826967678714,
False,L63+time,EAKF,0.5,0.05,0.043000000000000003,4.0402123063446,
False,L63+time,EAKF,0.5,0.05,0.043000000000000003,4.2420493688982885,
False,L63+time,EAKF,0.5,0.05,0.044,3.9060835028862466,
False,L63+time,EAKF,0.5,0.05,0.044,4.228764205964493,
False,L63+time,EAKF,0.5,0.05,0.044,4.068082350392344,
False,L63+time,EAKF,0.5,0.05,0.045,4.603574655348596,
False,L63+time,EAKF,0.5,0.05,0.045,4.271249975157814,
False,L63+time,EAKF,0.5,0.05,0.045,4.725736841342723,
False,L63+time,EAKF,0.5,0.05,0.046,4.191102264879878,
False,L63+time,EAKF,0.5,0.05,0.046,4.3458249935032365,
False,L63+time,EAKF,0.5,0.05,0.046,4.607781276083816,
False,L63+time,EAKF,0.5,0.05,0.047,4.9686557822629,
False,L63+time,EAKF,0.5,0.05,0.047,4.707529880074771,
False,L63+time,EAKF,0.5,0.05,0.047,4.9256500079514165,
False,L63+time,EAKF,0.5,0.05,0.048,4.896104930632683,
False,L63+time,EAKF,0.5,0.05,0.048,3.831240165711648,
False,L63+time,EAKF,0.5,0.05,0.048,4.668176945156883,
False,L63+time,EAKF,0.5,0.05,0.049,3.496574221852989,
False,L63+time,EAKF,0.5,0.05,0.049,4.747717710034451,
False,L63+time,EAKF,0.5,0.05,0.049,4.713130380801423,
False,L63+time,EAKF,0.5,0.1,0.0,0.998965876827761,
False,L63+time,EAKF,0.5,0.1,0.0,0.7733172797958903,
False,L63+time,EAKF,0.5,0.1,0.0,0.9130304077291369,
False,L63+time,EAKF,0.5,0.1,0.001,1.0093416053560949,
False,L63+time,EAKF,0.5,0.1,0.001,1.1208944959290843,
False,L63+time,EAKF,0.5,0.1,0.001,0.7706984978541116,
False,L63+time,EAKF,0.5,0.1,0.002,0.6291992396076985,
False,L63+time,EAKF,0.5,0.1,0.002,1.125226034368458,
False,L63+time,EAKF,0.5,0.1,0.002,0.9134221858434688,
False,L63+time,EAKF,0.5,0.1,0.003,0.8275305668433218,
False,L63+time,EAKF,0.5,0.1,0.003,0.9150030461493778,
False,L63+time,EAKF,0.5,0.1,0.003,0.9899375241098071,
False,L63+time,EAKF,0.5,0.1,0.004,1.3815898492143674,
False,L63+time,EAKF,0.5,0.1,0.004,0.7260415154112921,
False,L63+time,EAKF,0.5,0.1,0.004,0.9680800210686828,
False,L63+time,EAKF,0.5,0.1,0.005,1.1537204698602246,
False,L63+time,EAKF,0.5,0.1,0.005,1.46380498749827,
False,L63+time,EAKF,0.5,0.1,0.005,0.8001322042488863,
False,L63+time,EAKF,0.5,0.1,0.006,1.0553542718505615,
False,L63+time,EAKF,0.5,0.1,0.006,1.3100599892834865,
False,L63+time,EAKF,0.5,0.1,0.006,1.0404144170138674,
False,L63+time,EAKF,0.5,0.1,0.007,1.1253012479658318,
False,L63+time,EAKF,0.5,0.1,0.007,1.3379539630692405,
False,L63+time,EAKF,0.5,0.1,0.007,0.991515556769893,
False,L63+time,EAKF,0.5,0.1,0.008,1.4308160641117293,
False,L63+time,EAKF,0.5,0.1,0.008,2.490265307183539,
False,L63+time,EAKF,0.5,0.1,0.008,1.1805522027405118,
False,L63+time,EAKF,0.5,0.1,0.009000000000000001,1.115719008299517,
False,L63+time,EAKF,0.5,0.1,0.009000000000000001,1.3502887329453606,
False,L63+time,EAKF,0.5,0.1,0.009000000000000001,1.2175298924186009,
False,L63+time,EAKF,0.5,0.1,0.01,1.3033247244708535,
False,L63+time,EAKF,0.5,0.1,0.01,1.5017092757722565,
False,L63+time,EAKF,0.5,0.1,0.01,0.8207510543358774,
False,L63+time,EAKF,0.5,0.1,0.011,1.3168077617348368,
False,L63+time,EAKF,0.5,0.1,0.011,1.4355850493512283,
False,L63+time,EAKF,0.5,0.1,0.011,1.5294327205331615,
False,L63+time,EAKF,0.5,0.1,0.012,1.2647768602315166,
False,L63+time,EAKF,0.5,0.1,0.012,1.4858366801624474,
False,L63+time,EAKF,0.5,0.1,0.012,1.6149240111456364,
False,L63+time,EAKF,0.5,0.1,0.013000000000000001,1.773989021082225,
False,L63+time,EAKF,0.5,0.1,0.013000000000000001,1.6853633675363613,
False,L63+time,EAKF,0.5,0.1,0.013000000000000001,2.1064598317542638,
False,L63+time,EAKF,0.5,0.1,0.014,1.4110049619079077,
False,L63+time,EAKF,0.5,0.1,0.014,1.4372188536028776,
False,L63+time,EAKF,0.5,0.1,0.014,1.7139200259774492,
False,L63+time,EAKF,0.5,0.1,0.015,1.7150529033190518,
False,L63+time,EAKF,0.5,0.1,0.015,1.5536856930872585,
False,L63+time,EAKF,0.5,0.1,0.015,1.7223292038543008,
False,L63+time,EAKF,0.5,0.1,0.016,1.9476437975674288,
False,L63+time,EAKF,0.5,0.1,0.016,1.7791922912374705,
False,L63+time,EAKF,0.5,0.1,0.016,1.8235201567236636,
False,L63+time,EAKF,0.5,0.1,0.017,2.4472283657264304,
False,L63+time,EAKF,0.5,0.1,0.017,1.792858159751491,
False,L63+time,EAKF,0.5,0.1,0.017,2.6222359966707356,
False,L63+time,EAKF,0.5,0.1,0.018000000000000002,1.8470993112333616,
False,L63+time,EAKF,0.5,0.1,0.018000000000000002,2.1268592640367876,
False,L63+time,EAKF,0.5,0.1,0.018000000000000002,2.209214649124045,
False,L63+time,EAKF,0.5,0.1,0.019,2.0804710291271538,
False,L63+time,EAKF,0.5,0.1,0.019,2.1219195014755408,
False,L63+time,EAKF,0.5,0.1,0.019,2.131134660145184,
False,L63+time,EAKF,0.5,0.1,0.02,2.133133867249798,
False,L63+time,EAKF,0.5,0.1,0.02,2.0072201025246095,
False,L63+time,EAKF,0.5,0.1,0.02,2.4632991371137556,
False,L63+time,EAKF,0.5,0.1,0.021,2.5702658040836317,
False,L63+time,EAKF,0.5,0.1,0.021,1.8471699795024217,
False,L63+time,EAKF,0.5,0.1,0.021,2.156952797023586,
False,L63+time,EAKF,0.5,0.1,0.022,3.471772659043182,
False,L63+time,EAKF,0.5,0.1,0.022,2.077621936557879,
False,L63+time,EAKF,0.5,0.1,0.022,2.520031706214887,
False,L63+time,EAKF,0.5,0.1,0.023,3.592440747728087,
False,L63+time,EAKF,0.5,0.1,0.023,2.1444713771265516,
False,L63+time,EAKF,0.5,0.1,0.023,2.8370393786592794,
False,L63+time,EAKF,0.5,0.1,0.024,2.1350659272925405,
False,L63+time,EAKF,0.5,0.1,0.024,2.393715869744146,
False,L63+time,EAKF,0.5,0.1,0.024,3.54067762136747,
False,L63+time,EAKF,0.5,0.1,0.025,2.765417370005462,
False,L63+time,EAKF,0.5,0.1,0.025,3.182008103607369,
False,L63+time,EAKF,0.5,0.1,0.025,3.8046494852869226,
False,L63+time,EAKF,0.5,0.1,0.026000000000000002,3.2435580080731112,
False,L63+time,EAKF,0.5,0.1,0.026000000000000002,3.255486754199948,
False,L63+time,EAKF,0.5,0.1,0.026000000000000002,2.9129540114339965,
False,L63+time,EAKF,0.5,0.1,0.027,3.0394089408877183,
False,L63+time,EAKF,0.5,0.1,0.027,2.856908108584133,
False,L63+time,EAKF,0.5,0.1,0.027,3.1354356865355606,
False,L63+time,EAKF,0.5,0.1,0.028,2.5542350881785745,
False,L63+time,EAKF,0.5,0.1,0.028,3.1599329159486857,
False,L63+time,EAKF,0.5,0.1,0.028,2.9161909645513657,
False,L63+time,EAKF,0.5,0.1,0.029,3.1434805181213603,
False,L63+time,EAKF,0.5,0.1,0.029,2.6387591154364385,
False,L63+time,EAKF,0.5,0.1,0.029,3.008496824694964,
False,L63+time,EAKF,0.5,0.1,0.03,2.7233748764152113,
False,L63+time,EAKF,0.5,0.1,0.03,3.2175754291973844,
False,L63+time,EAKF,0.5,0.1,0.03,2.918126130076072,
False,L63+time,EAKF,0.5,0.1,0.031,3.0243048634731986,
False,L63+time,EAKF,0.5,0.1,0.031,3.0244241266064718,
False,L63+time,EAKF,0.5,0.1,0.031,2.7760877856929724,
False,L63+time,EAKF,0.5,0.1,0.032,2.988595532657936,
False,L63+time,EAKF,0.5,0.1,0.032,2.598077300602272,
False,L63+time,EAKF,0.5,0.1,0.032,2.6511930581824825,
False,L63+time,EAKF,0.5,0.1,0.033,2.816499104283631,
False,L63+time,EAKF,0.5,0.1,0.033,4.20004173553435,
False,L63+time,EAKF,0.5,0.1,0.033,3.141345142141648,
False,L63+time,EAKF,0.5,0.1,0.034,3.5647889035410967,
False,L63+time,EAKF,0.5,0.1,0.034,4.124978178337914,
False,L63+time,EAKF,0.5,0.1,0.034,2.977064811601555,
False,L63+time,EAKF,0.5,0.1,0.035,5.240063223948817,
False,L63+time,EAKF,0.5,0.1,0.035,3.4698362561420826,
False,L63+time,EAKF,0.5,0.1,0.035,3.7524607355034085,
False,L63+time,EAKF,0.5,0.1,0.036000000000000004,3.9201112731342334,
False,L63+time,EAKF,0.5,0.1,0.036000000000000004,3.0827926251132656,
False,L63+time,EAKF,0.5,0.1,0.036000000000000004,3.255469395699486,
False,L63+time,EAKF,0.5,0.1,0.037,2.687007696310607,
False,L63+time,EAKF,0.5,0.1,0.037,3.7244106717216368,
False,L63+time,EAKF,0.5,0.1,0.037,3.4577285289540556,
False,L63+time,EAKF,0.5,0.1,0.038,3.750293414839113,
False,L63+time,EAKF,0.5,0.1,0.038,4.537373288533369,
False,L63+time,EAKF,0.5,0.1,0.038,3.1215225682609247,
False,L63+time,EAKF,0.5,0.1,0.039,3.088110118071647,
False,L63+time,EAKF,0.5,0.1,0.039,3.7216629020424943,
False,L63+time,EAKF,0.5,0.1,0.039,3.5359172300208757,
False,L63+time,EAKF,0.5,0.1,0.04,3.734394225718493,
False,L63+time,EAKF,0.5,0.1,0.04,4.050914219488424,
False,L63+time,EAKF,0.5,0.1,0.04,4.0746653937711415,
False,L63+time,EAKF,0.5,0.1,0.041,4.037437747706406,
False,L63+time,EAKF,0.5,0.1,0.041,4.035914612571635,
False,L63+time,EAKF,0.5,0.1,0.041,5.263051705350758,
False,L63+time,EAKF,0.5,0.1,0.042,4.25791040243451,
False,L63+time,EAKF,0.5,0.1,0.042,3.957258613940454,
False,L63+time,EAKF,0.5,0.1,0.042,4.996003101347634,
False,L63+time,EAKF,0.5,0.1,0.043000000000000003,3.8465325519627003,
False,L63+time,EAKF,0.5,0.1,0.043000000000000003,3.3012277077603467,
False,L63+time,EAKF,0.5,0.1,0.043000000000000003,3.92320887826167,
False,L63+time,EAKF,0.5,0.1,0.044,4.609862675343008,
False,L63+time,EAKF,0.5,0.1,0.044,3.9963955728882814,
False,L63+time,EAKF,0.5,0.1,0.044,3.785232864376593,
False,L63+time,EAKF,0.5,0.1,0.045,6.222283860299066,
False,L63+time,EAKF,0.5,0.1,0.045,4.416350237502763,
False,L63+time,EAKF,0.5,0.1,0.045,4.353073814759271,
False,L63+time,EAKF,0.5,0.1,0.046,4.343565970403613,
False,L63+time,EAKF,0.5,0.1,0.046,4.589703914773186,
False,L63+time,EAKF,0.5,0.1,0.046,4.855039248963036,
False,L63+time,EAKF,0.5,0.1,0.047,4.263723142443067,
False,L63+time,EAKF,0.5,0.1,0.047,4.546894719071405,
False,L63+time,EAKF,0.5,0.1,0.047,4.489052100695719,
False,L63+time,EAKF,0.5,0.1,0.048,5.007788466365799,
False,L63+time,EAKF,0.5,0.1,0.048,4.240882404137757,
False,L63+time,EAKF,0.5,0.1,0.048,4.324594924189014,
False,L63+time,EAKF,0.5,0.1,0.049,4.2936465766031615,
False,L63+time,EAKF,0.5,0.1,0.049,4.784461360835579,
False,L63+time,EAKF,0.5,0.1,0.049,3.787889113184481,
